	ElapsedTime	GlobalPatternLoss	AveragePatternLoss	GlobalValueLoss	MeanValueLoss
0	3631.3092710971832	11385.307383248155	0.6143924981516462	13104093.530886382	715.9142007695795
