	ElapsedTime	GlobalPatternLoss	AveragePatternLoss	GlobalValueLoss	MeanValueLoss
0	4.825300931930542	593.9827004686131	0.7324077687652443	32163.957740784295	40.00492256316455
