	ElapsedTime	GlobalPatternLoss	AveragePatternLoss	GlobalValueLoss	MeanValueLoss
0	960.4628925323486	5206.798403582576	0.6773511647694257	6966185.485576921	915.3988811533405
